,AL,AMMC,CCP,CMP,CVLP,DLP,DMP,EB,FB,IDFP,LH,LOB,LOP,MB,MED,NOD,OG,OPTU,PAN,PCB,SDFP,SOG,SPP,VLP-D,VLP-V,VMP,al,ammc,ccp,cmp,cvlp,dlp,dmp,idfp,lh,lob,lop,mb,med,nod,og,optu,pan,sdfp,sog,spp,vlp-d,vlp-v,vmp
AL,0,23.3195659647,63.4220864879,1,115.9714322218,97.9263947876,278.0734893777,21.6943129405,51.0913231155,199.3160525779,2354.0811240427,0,0,748.9634865343,0,6.5604779323,0,27.7172196321,93.0031639021,11.5285967174,178.080316516,62.198242351,541.8334744749,280.5562006751,2,73.5435610825,302.0116689155,0,21.3605279532,0,9.3005630797,18.7261622014,46.6040734003,65.1546704511,120.5691718448,0,0,84.7331718767,0,10.8125708435,0,9.6091535302,12.4871799805,127.3452160316,31.1884700621,66.6856524787,4.8284271247,0,34.4618199534
AMMC,35.0251792339,0,96.4792161857,149.2827176305,964.5470501607,65.5380723052,237.0347879397,4.6904157598,15.2238096873,27.2097156698,112.6398914117,46.8189743031,10.0566061279,30.0481329772,149.5054203676,3.1462643699,6.1090513237,0,8.6139037458,1.4142135624,50.0579896082,229.1256185271,145.1665097931,243.8820284364,49.0794434323,255.4959113947,8.1199297469,526.8388353831,76.9008407216,95.8634026786,929.4968730152,3.4641016151,132.9204268714,42.4340460423,19.4607773798,2.2360679775,0,8.322473089,66.3640390815,0,11.0471341098,0,4.3588989435,10.7126814316,110.8340564156,22.6602340409,223.3521337734,60.9720847669,236.8493057294
CCP,15.1558709491,98.7159481699,0,99.0462686969,334.1767618498,56.4085857299,842.8646238911,30.6735506317,151.7842256238,192.8175524511,54.1513858032,217.2325295805,19.4315244127,50.6882486208,246.8029734258,10.1815405504,9.2426406871,50.9929317395,38.6863929983,38.1961047934,170.1003795107,135.1789754206,240.1416022682,269.9913921014,16.837182345,551.9249187275,4.582575695,70.8706909019,1027.9766196386,38.6614487695,141.3633711922,38.3536379816,1598.9382232665,250.8281216879,27.4932835673,96.9313618043,12.1590669175,21.3458069353,241.2946578126,28.1968248827,6.2360679775,35.4676827361,7.2222425336,116.0901188678,75.5625915013,105.2690253424,281.7460684259,25.6537304857,586.8154058499
CMP,10.4142135624,73.9384521746,64.9162809201,0,253.5228422249,39.4142511689,281.944745206,10.6568542495,21.2388431307,97.8951256654,54.7975204583,161.8785327011,107.3213800031,52.6728607987,372.1339545717,3,1,12.4334612785,4.4494897428,5.611767403,40.8541847674,119.9779179758,112.7988019961,158.4475481415,6.6921304299,151.2168311011,1.4142135624,87.3887785914,48.8604410502,84.4277995838,285.0198604796,0,67.1377954439,18.4841461109,0,8.4641016151,8.4852813742,5.8284271247,25.7725195367,3.7320508076,0,0,2,1,71.4145506871,13.4594574179,28.0062552718,3.4641016151,176.6679113002
CVLP,50.8344984711,268.6718704912,350.10113688,314.7570861102,0,150.5953803659,1250.9911566265,59.6240190594,172.8100379162,459.0389913426,211.8860295147,365.0920682048,395.5797280864,125.9318531707,991.5292334388,34.8372906167,21.2196894931,105.9148770125,32.0403428651,11.0678288438,185.6302034634,343.0627822594,441.9478850456,884.0749726469,138.3103785193,645.6239467893,5.2915026221,236.8872826789,612.3459206549,162.2139074164,1874.0060591533,9.1414284285,808.6249208748,131.2065412755,6.6568542495,42.8122721975,16.373203131,21.0019735507,6.5764912225,27.4271074027,6.6103659851,8.0622577483,2,19.1734871138,121.1555549771,74.5150033034,349.5324335054,54.9825779734,763.6985266776
DLP,41.9266485771,22.0218472261,132.2806467204,5.4142135624,28.2611923026,0,203.0849450317,24.6339145919,166.2360253361,66.661074722,230.717556294,44.6538284241,0,171.9559998903,18.6731005391,5.2426406871,0,95.6362220478,22.3249685843,0,1225.2698535309,120.3074462369,180.7971447974,154.1993872507,8.6263792753,117.5422565702,42.6147808118,3.4641016151,39.7442697628,0,12.7320508076,334.2782810463,113.7279272332,62.4861130671,45.2593488379,1,0,161.1307568879,0,4.6457513111,7.0710678119,40.3345369529,4.7320508076,475.0385307184,125.6210802202,97.672858715,112.6674690747,18.7082869339,57.2439054036
DMP,172.5469603755,170.9801622603,732.2661314433,229.4208465778,623.5556535323,399.5306492825,0,214.151996631,555.4116130451,630.8321715837,451.1658577634,567.7504102929,139.5967486869,447.935175054,663.0314295987,89.8107768561,38.0385986574,260.3964847002,111.7304540666,17.0373973492,793.6394930085,650.1171147601,1007.9300903928,1040.010687361,53.7608427446,1493.2881849142,20.906398836,93.9387031292,1227.4228182685,78.6974844193,281.124882912,121.4068703649,2505.273851029,341.6230638036,47.5789305917,34.5774067129,5.6568542495,84.3872031493,6.6310302931,56.3443951646,5.9907047849,47.7157483649,8.5447307966,217.6008143973,330.7908535528,284.4046033896,624.4556639356,30.333289001,1389.8760138989
EB,12.9614813968,1,25.4534001593,2.4494897428,27.8254002052,0,55.1537033598,0,645.3926097363,221.8669688998,4.2426406871,0,0,102.6799769554,0,20.0651723851,0,10.2173321818,2.6457513111,22.3363749494,104.5379399982,14.194034251,3.8637033052,1.4142135624,0,10.9967892573,3.4142135624,3.8284271247,39.0480507149,0,28.0605009104,5.1462643699,124.3206447972,307.8279574738,14.5661978004,0,0,65.0592348072,0,21.41687957,0,1,1.4142135624,56.4646212905,16.7969405952,16.892922227,22.8664784584,0,23.9050158445
FB,63.4066141278,21.9366829929,101.7523132904,14.7772946631,692.0115406391,62.7796315138,1539.2057747931,766.0767109967,0,3725.3971589211,26.5086953329,25.0817632275,0,220.3839025714,4.582575695,63.4329401723,1.4142135624,39.3870303889,6.1815405504,15.3090476653,758.9977947521,118.6690926873,120.703271768,127.9464651299,1,165.7128625928,16.3774218059,34.5583164081,117.4704600777,14.3601063821,767.4263268496,72.7124980459,2324.9822865074,4476.6457534637,37.4264012062,21.2514359077,0,163.1532234585,2,63.3784802909,0,21.980028683,2,741.065463215,86.2462447492,121.3081499508,227.4106464674,3.7320508076,196.185649027
IDFP,254.8833064133,19.82749408,146.003283561,44.0951527455,174.1361685875,46.1309432517,403.0273877889,188.2145943544,700.1971319079,0,390.3944883417,11.0453610172,0,440.5550277409,3.1622776602,60.6502610533,0,29.2727342264,46.0950859596,10.4594574179,401.9007118953,234.0717534616,80.036440181,64.1792900578,0,472.7801371348,75.9596719911,24.8166266255,156.0634253876,19.8231574911,54.5342626563,21.0548352607,433.8587265027,307.5163018036,28.9296489588,1,0,209.2226282234,0,58.9795851299,1.4142135624,34.9645386213,3.4641016151,200.0449796992,173.6504895374,43.4281852329,33.1282612466,5.2915026221,457.0171547007
LH,35.880230849,31.3799238599,79.8982894188,20.3056526998,79.954279206,1298.1110717514,210.7510840658,0,42.1616883934,49.6077520018,0,10.1911471296,0,79.5010106264,42.5469061976,0,4.8284271247,19.8954469971,35.0510557968,0,629.4687679557,57.3022164929,226.6197648993,428.6024394648,18.8411204172,169.9678063617,9.7772946631,2.7320508076,15.6641945485,0,10.0904808904,133.1540134351,20.3987006819,28.4328976831,84.2895317687,0,0,70.4246919786,0,1.7320508076,4.8989794856,1.4142135624,1.7320508076,155.7790035674,27.8548711904,21.2280335606,56.8850150069,12.9614813968,17.1294166336
LOB,0,1.7320508076,77.2659313005,65.6929847379,224.8522873164,291.4057003694,817.1148366209,0,7.8102496759,41.2528795642,28.781972669,0,374.1798433275,5.6457513111,781.3243615741,1,244.1930725794,704.0542105845,24.3233491625,0,38.5516027531,11.5743938172,274.3929514477,2044.6816946464,18.6003759769,438.8521561321,0,0,28.7665772866,7.7320508076,48.2739308803,0,64.8966655847,14.2909903743,0,134.4891746779,44.3309516644,0,21.9604116103,0,35.3627260303,0,0,0,0,0,103.4247529077,20.4455231423,82.789967917
LOP,0,0,2,19.0550410182,564.6518624944,0,81.2522681037,0,0,2.8284271247,0,1389.6032348512,0,0,609.535615452,0,0,0,0,0,0,4.4494897428,0,50.929186496,0,54.0247825895,0,0,0,6.3245553203,27.0168295543,0,6.5574385243,0,0,0,71.70250965,0,6.3245553203,0,0,0,0,0,0,0,9.2736184955,0,0
MB,61.4107808005,16.4241812375,65.6567649503,4.4142135624,18.2838593178,159.8326360924,139.292219367,322.2696870999,253.5730928368,359.592643114,119.477366129,9.9174035794,0,0,23.9968690739,11.8414286694,0,29.8711047601,27.5483495191,2.4494897428,567.7283519204,87.0380074043,81.1539160362,41.2852439166,0,94.484757088,44.6557040517,4.4142135624,39.2994411727,0,7.472135955,67.7298728575,124.9505362685,148.2355076458,68.7990753896,0,0,488.8762375069,0,15.35135835,1.4142135624,24.0844304524,3,313.6090956037,62.0053194908,39.7342907888,23.9517403007,3.7416573868,52.9650719167
MED,4.472135955,0,38.7911446263,144.5907298536,225.4404137158,81.4413026514,304.9226846659,0,0,20.9284495365,69.1119764899,1766.6707601993,491.0412754276,0,0,0,31.5200995079,71.2257688236,0,0,7.0710678119,14.7986485869,344.8024609487,414.031321481,5.3166247904,385.8332061725,0,0,2,7.1414284285,28.116820486,0,11.2538787235,0,0,510.5762813667,172.57155297,0,1107.5190424383,0,6.2360679775,0,0,0,0,0,13.8403066758,0,77.1006335504
NOD,0,1,2.8284271247,0,8.5872072408,4.8783151775,23.6325480132,6.3823323474,82.9536441079,18.3382665871,2.8284271247,0,0,11.8304120495,0,0,0,1,0,2.4494897428,32.0373449949,6.8914391374,6.4737081943,9.8914391374,0,6.4641016151,0,4.4641016151,8.623489945,1,10.1282422951,1,29.5583292303,40.8970012959,0,0,0,3,0,5.1622776602,1,0,0,6.1622776602,7.2693699956,3.7320508076,12.792015681,4.7416573868,4.2426406871
OG,3.4641016151,12.8145527476,12.5205575546,4,13.2426406871,26.4755849009,43.6253198278,0,0,7.7459666924,17.702098105,1202.4294799006,13.8736709803,1.4142135624,87.0811564262,2,0,0,7.2111025509,0,2.4142135624,22.6733320005,45.1604613024,415.34357778,41.9530774079,31.2079385302,0,1.4142135624,2,0,4.6457513111,6.6921304299,11.4537802823,0,0,5.8284271247,2,1.7320508076,0,0,3.7320508076,0,0,0,0,6.5957541127,39.9663779788,2,8.2779168675
OPTU,1.4142135624,2.4494897428,112.652537558,9.2057590019,20.0006022357,36.5461234531,117.8604307849,7.9681187851,70.2801025809,33.1222673519,3.8729833462,78.0350041931,0,11.6909951666,1.4142135624,1.7320508076,0,0,0,0,139.0275603256,11.8271827158,28.8432232199,23.2483940576,0,111.3810782449,1.4142135624,0,57.3363694814,0,4.5764912225,46.4606584634,111.4709409187,49.3942151063,7.5957541127,0,0,21.6251184001,0,4.4142135624,0,126.2197976827,0,80.0216503014,1.7320508076,26.3914247293,20.7580317729,0,70.943366071
PAN,120.5038711386,7.0710678119,77.6118366113,2.4142135624,47.854460225,104.2983055605,211.4890241764,1,5.8783151775,33.1489255547,242.8457215019,18.626339684,0,51.9809663101,2.2360679775,0,0,2.4142135624,0,0,71.2289588896,69.6003717886,276.8434673633,242.9183409043,2.8284271247,61.3489761553,28.9814484271,4.8783151775,5.5957541127,1,14.5923439103,3.7320508076,4.2426406871,11.9216256978,16.5158789827,0,0,6.5764912225,0,0,2,0,8.4494897428,15.2141544377,18.242658973,14.1590669175,7.7320508076,3.7416573868,3.6055512755
PCB,1,0,57.1646618659,0,214.7561057037,1,498.425500959,62.6984934518,245.551706021,1226.6645066682,1.7320508076,7.1961524227,0,26.8018693877,8.4261497732,102.1814343752,2.4494897428,0,0,0,9.3630811007,0,5.4641016151,26.5728729344,0,22.0213688048,0,0,58.1836229656,3,238.7075913862,2,652.700809618,1373.1894031116,3.9681187851,1.4142135624,0,46.04091164,0,89.0032819698,0,1.7320508076,0,33.7412895248,2.4494897428,0,56.1701101367,0,29.7946816886
SDFP,92.3911386834,51.4135380295,354.3112283635,12.8690199624,55.1881233027,674.6160928292,564.1281676882,298.4421334378,2118.3605828707,431.1788122463,95.0996045784,153.3375691421,0,748.8630959944,23.2466686333,41.4872314282,2.4494897428,180.4250509715,45.8206596474,0,0,551.9202715322,298.8319010301,160.2691043885,0,406.0411872269,121.2326595024,12.934771117,269.3972652022,3.8284271247,19.4673160442,377.1889814367,761.8218294747,304.2149229846,85.3806253579,0,0,937.8985820766,0,67.6584719316,0,161.4371198628,16.9551595388,1840.2303124646,503.4018828317,190.1473091998,271.0445789525,0,287.3476825422
SOG,82.6867597593,206.8373784787,208.2857858847,110.8968934206,203.4293397131,367.964634802,631.871346496,7.8284271247,42.8102317907,159.6853729974,428.3461248394,88.921673295,20.1968802722,113.627777978,288.4857194217,7.8284271247,0,7.1961524227,20.9439666726,1,592.0583420651,0,377.6177388532,558.6695634192,42.1965072967,270.0086982487,26.0690326996,194.8477200264,38.124236564,121.3199515231,224.0808733453,136.15281953,90.8344325277,35.3909116078,149.7877697776,4.4494897428,0,43.8574157956,149.8195769561,9,8.874007874,2.8284271247,9.031865978,381.0363613656,691.3372335499,47.4910451874,158.3725128552,71.7861180128,204.7843907537
SPP,45.3455367838,59.7969517864,187.640794765,39.2010622875,160.3519038778,470.3635124826,574.736802743,23.6800188757,189.6294183809,72.5258632824,272.6754470606,115.3884963202,13.7900876571,126.4975168402,302.2531406744,4.7416573868,21.0285735651,99.7036874549,62.7651724705,0,782.3987734799,154.5017501924,0,422.5533495585,11.2998151704,305.7442050574,19.3463530568,7.2847435754,80.6906141771,0,19.4293325323,166.4183591056,445.3669213786,43.9638322826,43.8526948376,1.4142135624,0,60.7815201582,0,7.3131930479,4,15.337602083,1.7320508076,254.3856819816,77.8565890828,157.8110436532,252.7632678427,11.9972188066,110.347997203
VLP-D,40.9924075131,162.5146889335,220.3168389637,112.6782017564,318.1496988844,555.8276790232,890.7373043704,17.3811614482,136.4092279673,100.2842495371,328.5145947134,1203.6853828202,198.4319008158,74.6446479167,464.738531373,15.0472287802,259.9773223436,238.8468757838,73.9056836485,0,567.2122249846,409.8017712356,509.7868514997,0,451.757240874,572.846048656,1,51.9358686666,121.6598576141,21.4981133897,169.7816079173,221.4139079953,609.3623347968,48.7457803618,14.5166280414,12.6345796138,4.3778021186,14.8602931027,2,8.4241812375,21.2331599426,6.2871969086,1.4142135624,102.3083708565,116.6250190725,187.3301607528,833.4656766499,79.7048423371,251.7060274461
VLP-V,13.8615765867,109.14917569,34.1856385007,33.4664010614,87.9156391485,151.9679261124,148.5726917119,6.6055512755,13.9738380633,10.5671960075,80.0109857498,27.5172672766,0,15.9780720953,23.3922214945,3.8729833462,23.8516510902,10.4322204002,16.2003080213,0,37.5877519109,217.6082568747,103.3835996704,891.1276496094,0,101.3732837131,0,34.1645408274,13.4274105224,5.3983456377,34.902230947,55.3712816608,88.6706978222,4.8989794856,0,1.4142135624,0,4.472135955,0,0,7.0997712827,0,1.4142135624,16.019333083,42.0891850209,60.28116868,238.924052958,60.6557094368,10.5945416579
VMP,75.9233735678,273.6490853733,693.265768916,360.5538647439,903.9981351179,325.4700250704,1713.0842563896,49.8422526896,112.9107777164,372.5837913085,484.5587625204,542.5702748914,182.0660967618,231.3943684114,1056.4943833542,24.3928019702,13.8697726035,123.9615809768,54.528910508,12.8831150855,456.9609800786,511.8867652883,770.7902527229,919.3845793484,29.7720458465,0,14.7676383521,245.9506088626,1258.0169041081,155.351739742,547.4406294137,16.8983492263,1690.8119981961,93.4685511732,44.1768071232,79.3007386795,28.6152625552,39.7791547614,454.8574064274,13.980630624,10.8963220153,25.4490643376,5.3851648071,135.2670822831,269.7645341799,60.4199015982,270.8017096462,60.6862241033,1242.0083414658
al,295.4115246777,10.0386746705,23.5504587439,0,5.4494897428,7.5604779323,25.1995460899,8.7147766421,8.4981653407,50.3492680463,71.3597179042,0,0,43.8232855831,0,2,0,3.8637033052,15.9023779756,6.1622776602,26.4800913794,41.5398059752,41.6945885916,10.2448280206,0,48.7328140087,0,16.5737100292,24.0712248208,3.4142135624,88.9777671849,173.5874985219,170.4134607093,150.4672270659,2574.1337338201,18.2482875909,0,917.5137570444,4.2426406871,0,0,37.6099297825,88.2435128653,281.6050344498,88.6575892215,382.1456516768,205.8309664478,18.8530066722,73.6605787534
ammc,24.4689144263,400.6064437177,38.9790615437,81.0564734646,677.4669012052,2.8284271247,97.0711174438,3.4142135624,13.1423533418,43.2379951797,12.1962840876,3.7416573868,0,14.5592335234,63.1839948326,0,2.2360679775,0,5.2426406871,2.4142135624,33.8505450257,149.2442502857,43.7011101668,160.2865126566,72.1969264165,119.1164316931,8.4334612785,0,50.0642471829,261.2795159816,1097.5831346358,49.1396469354,230.0381103538,23.1066421835,106.2190242484,32.6730730034,19.7238052948,36.3225819536,194.4218142497,1,13.8550276937,3.1462643699,8.9842980739,36.8386183602,202.5993890321,149.0115091873,309.662328767,93.1691930194,244.1351989345
ccp,8.6602540378,78.1474898823,897.1673327151,94.0197451568,347.9206729644,25.0333347677,1222.5835872754,47.7670294209,152.2480124314,546.107179898,16.1515878478,176.3225422128,21.4913836711,24.9461440213,129.0768051222,27.0491590949,3.4494897428,37.0005845925,7.0696528906,56.1515313499,99.1733032305,100.5094809981,78.8213596148,134.5036403855,7.611767403,625.9535375347,24.7283019702,103.3315633944,0,67.7469088908,368.8243254729,61.1096360575,804.5848415924,340.9016735939,83.105756957,163.1936751837,27.8510636478,64.213041474,410.6738996514,3.1462643699,20.423892615,48.1828187523,26.0574125606,222.7574181328,114.107001559,223.0494195731,400.2993916031,59.9975366758,536.574445473
cmp,13.3152601053,113.2962593554,27.1695830422,158.8053281805,265.6898111723,0,75.1980435677,2.4142135624,15.3160512039,13.2460356526,0,6.2360679775,2.2360679775,3.7320508076,2.8284271247,2,0,0,3.1622776602,3.1622776602,12.7865747041,140.68645392,20.2014759005,32.9389035778,9.9907047849,113.1040291031,4.5604779323,114.386851396,65.5519070362,0,434.8377671036,53.3829121743,438.5796407319,147.2139053992,130.0019913203,91.4034618911,128.1112217513,61.5751075718,260.283894249,7.4494897428,2,10.8863495174,11.1698177996,53.4122177833,157.5493362379,202.3704581143,344.0635387464,19.3876109164,258.3451200853
cvlp,33.8785892362,199.6500568863,616.8860531549,190.6335325436,1480.6847993552,3.4142135624,839.5026363292,31.4576771954,172.9700602205,155.1573340617,0,47.0716698126,8.8317608663,16.0342720739,3,26.1644765986,5.9777253643,2.8284271247,5.2779168675,11.3776929731,54.1670901146,153.0036154542,83.3234881959,300.1213749452,63.8842402556,679.8387954874,33.624750243,304.4550402349,445.0206077178,409.0757049955,0,157.9195068795,1521.3638312257,538.697921058,366.2473919027,357.1670579868,529.6873155185,201.590256651,996.774668995,43.8255391442,30.3087262529,90.1085320897,46.0665727367,301.9161797271,281.8326433406,535.3084369731,1219.6913157818,102.3262512402,977.5268266067
dlp,51.2219180101,0,50.8263337407,9.3358392602,12.6263792753,281.943724988,109.6400986136,37.2252682563,363.2122128799,44.8843723506,37.9814174731,2,0,72.5664562505,34.8545147761,2.4142135624,2,75.441940541,3.3166247904,7.3131930479,365.4103195595,53.8156934254,81.2080933386,76.1913772957,6.2360679775,31.237267532,51.0307308739,9.1625517148,84.6218212223,10.9681187851,26.0329478327,0,185.9991733467,65.2015833496,273.5187111392,17.0087552203,0,182.8304945082,0,6,1.4142135624,57.5854597561,22.1431247545,1177.9756302158,69.1410391631,310.6383079797,175.9454827402,31.8349992406,100.36971772
dmp,39.1008486667,101.4978621993,1341.1339122002,163.8162164792,468.7399936519,162.4361973903,2322.9251789913,134.6211075682,633.80316406,285.583555151,30.7605060364,104.1934224913,4.4142135624,56.1424891928,33.0582897621,40.0356981241,5.7320508076,50.3029013369,9.4142135624,28.1026746737,263.4385128911,282.9102547443,254.3268367,374.3618350718,13.6409979682,1344.2713616058,136.5281697051,230.3088589646,897.4718584773,312.7113005245,902.2352195029,404.8702342571,0,656.7444661212,435.6570712841,430.9467856449,139.1575897139,445.6321824647,695.9068300173,75.4108505069,58.7395971392,206.5537155667,70.5846903372,817.6733783306,588.2920019171,940.3132641171,1298.5761548591,145.2000434104,1589.0207066265
idfp,49.9333648219,10.8079198257,112.4713979987,19.9233618601,59.0488071832,11.2710674244,221.9547765034,80.3406679138,527.8337500785,205.5773564559,27.0972389382,0,0,121.7168872613,0,34.4324262504,0,21.1087094344,2.4494897428,1.4142135624,188.3928468408,70.2103818947,19.2970618931,11.9735562314,2,282.6834599901,172.341423972,14.5911099155,124.3340270111,66.6312086035,266.7082986515,71.8822973455,388.9656306583,0,360.0802853822,77.003674197,0,306.5802589667,23.6244940816,52.9155994426,0,44.1070582665,18.2408856115,465.9787622771,184.3101078177,129.3748100578,133.2257583352,3.2360679775,394.5457207181
lh,29.4110028197,0,12.9328390741,4.2360679775,6.9282032303,95.7199623955,29.5540014679,0,48.4712438624,14.035535061,34.1689305077,4.472135955,0,9.1063439923,12.4899959968,0,0,5.1622776602,2,0,71.9446280555,22.6298296303,39.3081426606,21.9362375701,0,3.8729833462,279.4256080056,38.9285748356,51.916666817,43.5047638801,91.1582021703,1475.445648261,245.3467200839,141.7867376444,0,0,0,114.854463795,16.3380939771,0,1,14.8417897653,122.2742510977,659.3758177049,136.0874803243,272.9489688039,390.1732377243,62.61720384,202.2543619616
lob,0,0,21.2344271095,19.2287565553,47.465334299,1,72.2668384634,0,2,0,2.2360679775,176.6827824543,21.5531384434,0,34.2593757395,0,98.1673427923,0,0,0,5,0,2.8284271247,155.9062837621,21.0060036145,103.2056898667,0,1.4142135624,119.1179334379,9.856853862,246.2105237043,297.4052958041,668.1349212905,5.0990195136,20.0067471048,0,493.3968166173,9.3539552436,618.5098943702,0,241.8420412369,634.7906991814,10.3472700093,3.4142135624,2.4494897428,238.988074269,2088.5603218965,8.94427191,429.4106229482
lop,0,0,0,0,49.4480031333,0,21.9523852996,0,0,0,0,20.6443374883,28.2710574513,0,13.1655250606,0,1.7320508076,0,0,0,0,0,0,9.0805200359,0,1,0,0,0,0,502.7725708114,0,27.8464191154,0,0,1314.3996127634,0,0,653.7745995148,0,0,0,10,0,0,9.3808315196,121.6320355688,15.8113883008,44.1147844883
mb,38.2885519711,5.4772255751,61.508687263,0,0,50.5913002032,66.1489243374,299.5020180075,215.7104887132,143.6808840268,18.2198193571,3.1462643699,0,528.4046419975,12.4807406984,0,0,25.2276262238,1.4142135624,17.9996621649,346.1695900304,41.4315240213,20.9447387921,14.5592654775,1.4142135624,56.4515403535,126.6095850836,21.9121245047,60.9906551076,11.8284271247,42.5643499421,190.2739355726,143.378456529,350.4156932057,155.6051997957,13.677078252,0,0,6,2.7320508076,3,25.0532037092,40.3193183062,668.6034106372,94.4687564021,104.2142907817,38.0515683293,0,117.6579549564
med,0,0,0,12.409673646,42.7106686368,0,19.2653282464,0,0,0,0,176.1682082202,83.3940729274,0,742.0320478109,0,5.9746914947,0,0,0,0,0,0,9.6921304299,2,52.5822727232,0,0,31.3318269387,0,61.8729130989,92.6412363113,148.1966003547,0,45.5765721528,1919.2773511102,437.3967832392,30.2956290788,0,0,56.765784497,49.0521360495,0,20.7665281975,0,224.4982327138,241.6547595647,0,364.6087329413
nod,0,8.0192477161,7.4737081943,2.8284271247,3.4142135624,0,26.2272998569,8.2779168675,63.8999895097,38.7699549073,0,0,0,2.8284271247,0,4.4142135624,0,1.4142135624,0,0,7.3874086978,13.3145661806,3.7320508076,4,1.4142135624,6.8284271247,0,5.7661145331,5.9967892573,4.4142135624,14.7558737631,0,20.8079266462,39.829957869,0,0,0,7.1462643699,8.0622577483,0,0,0,0,14.2832335248,11.7082039325,0,3,1.4142135624,9.0245795475
og,0,2,10.5386735381,0,8.2426406871,1.4142135624,5.5957541127,5.2779168675,6.4741784358,0,3.1622776602,13.677693547,3,0,12.1737122814,0,20.8609221118,0,0,0,12.535169427,3.7416573868,4,60.5955653452,13.5366310572,9.8476748409,0,18.2799635403,37.2886348025,0,36.9457978314,18.4854985956,86.9831747868,0,5.4641016151,967.7023311412,7.8478353805,1,186.0557543249,0,0,6.4772255751,1,7.8284271247,9.9993241781,55.1507750233,448.0389483091,87.0516502394,58.8522018572
optu,0,0,50.8433681618,0,5,19.7167099774,57.6849085485,8.8637033052,68.0370973765,61.5008837876,0,1.7320508076,0,26.920177778,0,2,0,130.2098936606,0,7.0486755979,117.6035487631,0,19.5587228567,8.2779168675,0,41.5730079241,0,2,98.2301890428,16.4318186369,42.8065421633,29.2519977933,128.0114347917,22.7794287533,6.3245553203,36.3198162807,0,31.1503060499,1,3.1462643699,0,0,0,145.6108533171,2,14.6475590344,26.2181818432,0,139.0369675172
pan,50.9707664481,9.3664644227,8.4494897428,2.2360679775,53.992691468,5.4641016151,19.7933351671,3.4641016151,10,8.1063439923,34.9339035509,0,0,3.4142135624,0,0,0,0,13.6703308585,4.4494897428,18.0734251231,34.9512522292,25.6650504897,15.7241958676,2.8284271247,27.6566745304,126.122196575,14.1496593354,81.7690098896,8.7001695926,119.4507173178,139.8433273584,306.5638470345,53.1054144095,318.8809733865,72.344479851,0,89.2713813027,10.7938503654,0,0,16.0245795475,0,110.9931697056,54.2864513732,338.1180947918,340.1166016094,13.0101130406,112.2665292085
sdfp,83.7693021396,9.5604779323,249.9391695749,17.9493829894,42.7897820105,156.0085378569,420.0352337828,204.3995398775,1830.0122781986,270.2567508804,40.789574987,76.4588980954,1,753.3814644911,28.4079908378,16.7558333476,0,176.0944565,3,23.1301722907,1564.059691255,285.7163417232,124.8490405736,113.8175014989,0,301.5209075864,160.2070335046,27.796005915,297.7588064185,33.6138624431,125.2574395622,776.599348551,450.5281645062,523.6491925061,205.133714875,3.4142135624,0,620.4848669649,27.3077658765,33.2840648708,0,207.1168962785,37.0041736563,0,249.3925394478,348.8639507038,158.5207350945,0,335.3374822565
sog,65.7038994713,205.6854848406,43.2577360819,109.9735361747,161.6526956066,56.2817217105,110.8984701658,16.5594701004,38.4711884891,17.9928183583,96.1597719238,0,0,27.1069026217,106.5578595485,0,0,0,20.8164576401,6.0599648734,423.5097017025,734.1173341875,45.2328342651,106.1987162254,43.2634070343,155.7280098367,103.3621279374,305.4840698796,139.6229123083,196.1007404478,437.5672164828,422.1468736016,560.5506485702,128.0741075108,508.8637626163,71.1480375775,28.8280843358,143.7559660116,318.776402318,8.8670982706,15.5590981417,13.064615128,41.558222904,625.5392762879,0,406.9187060408,636.9335246383,144.1148278655,284.8295509679
spp,11.8975628937,5.9907047849,103.2512729016,28.8207223732,60.5082931787,165.3839089515,470.6409138723,24.6785935288,215.6765105844,36.8982270002,18.916726747,26.8023896616,0,32.1203722723,44.2390117296,3.9681187851,0,28.0087032693,0,2,231.7434866293,53.9814596418,181.3339402796,113.6556938879,1.4142135624,127.5840681768,126.0155650346,48.6038023023,219.5009305161,63.9146378355,174.5955630126,575.783726828,610.4477862524,149.421003968,259.5287328626,119.830023069,24.6031052997,143.0289840124,215.5809587535,6.5957541127,25.2531103099,89.750791624,80.3316460269,742.0080792514,167.0722205909,0,496.0961886331,53.9426527884,392.2889970908
vlp-d,13.4788451524,47.3423145558,455.5311935316,70.1447181556,293.0848867442,197.6664104856,991.7808623966,54.7751332135,182.7604219975,60.4338930722,21.6232595584,87.6457368795,4.2360679775,24.0286795876,4.4494897428,10.554119065,38.6132382569,11.6053606919,0,3.8284271247,178.2177590975,129.4891227232,164.9939612206,882.6277687673,134.9631460229,494.0508598092,41.6645258139,255.5015302159,478.7827222884,142.5185505487,634.0174476778,500.153033153,1576.5675918281,211.929067317,312.0652917748,1277.3017046274,165.8900964039,124.2485230153,406.9438439003,22.1457243751,338.2948750453,219.7715268773,77.5877349281,625.5750305873,372.2693200227,751.2465872881,0,813.1263015952,895.5338831464
vlp-v,1.4142135624,23.7710045358,29.1540076233,3,25.3908260481,27.4964671428,60.8761579439,11.1941734375,35.2465738651,10.2318822897,12.9614813968,0,0,18.2486783054,0,1.4142135624,1,0,0,0,34.6869442996,15.4467085494,34.9951905683,189.5552082786,65.7487069612,13.7828782748,3.1622776602,108.8863908579,79.8370005988,23.3666428911,155.9738653518,120.6610937213,325.597377608,10.0644951022,50.851380588,12.7866444324,0,26.8298432399,0,2.8284271247,71.20833457,6.1046293222,5.7445626465,67.1177121928,79.1054816223,189.8086108313,1011.3332461227,0,90.718580494
vmp,32.946607405,213.6662799683,1169.3235371019,214.8541868247,632.0156133356,14.9702682972,1364.9462843809,37.8946489559,88.0093826936,65.1549066325,58.8495592118,149.9949909399,30.2807756495,16.2111025509,230.9162803584,18.6455924337,9.1949399679,27.2316245672,10.5671960075,21.1774118041,133.0885128737,285.2259214007,69.7873364866,207.543734897,27.9557125122,1185.9899925004,51.8575237523,325.4899951876,638.0786618931,372.4469434828,1094.2428539024,281.762822684,1792.7007921992,411.491291878,554.9991759449,458.2316271033,196.4449723311,274.0779251268,1279.0018959521,29.2736774931,28.1050606491,88.237605648,60.8964706563,357.4933583055,447.0577849632,812.9000300143,1196.0585619879,102.7206719386,0
